FACT_ID,TIME_DIM_ID,TRANSACTION_ID,PRODUCT_ID,CUSTOMER_ID,SELLER_ID,PRODUCT_COST_PRICE,PRODUCT_SELLING_PRICE
1,917,5282,3026,100098,200071,38000,41000.0
2,278,5303,3058,100031,200043,1200,1100.0
3,794,5582,3080,100025,200003,1900,2000.0
4,683,5031,3093,100021,200019,47000,52000.0
5,829,5676,3003,100011,200042,6500,6750.0
6,163,5252,3024,100079,200096,6000,6200.0
7,324,5536,3026,100001,200095,38000,41000.0
8,994,5724,3094,100092,200019,560,750.0
9,692,5888,3053,100052,200090,1400,1350.0
10,552,5927,3034,100015,200097,1600,1800.0
11,716,5083,3030,100087,200077,16000,18000.0
12,924,5122,3006,100044,200068,13000,13000.0
13,451,5473,3095,100043,200073,1800,1950.0
14,617,5502,3099,100009,200095,8000,8000.0
15,659,5521,3054,100017,200075,400,600.0
16,494,5321,3020,100090,200057,800,900.0
17,427,5452,3007,100015,200070,40100,40500.0
18,643,5051,3094,100073,200009,560,750.0
19,185,5106,3024,100024,200002,6000,6200.0
20,251,5156,3027,100083,200031,500,650.0
21,741,5174,3019,100062,200087,32000,32500.0
22,492,5220,3019,100047,200035,32000,32500.0
23,272,5312,3068,100076,200095,4800,5050.0
24,881,5349,3081,100004,200052,800,650.0
25,853,5682,3065,100015,200088,500,550.0
26,27,5801,3019,100059,200088,32000,32500.0
27,673,5857,3044,100074,200046,3200,3600.0
28,591,5474,3019,100075,200086,32000,32500.0
29,166,5723,3009,100098,200067,42000,42000.0
30,118,5843,3025,100019,200007,8000,8500.0
31,738,5978,3059,100050,200062,2200,2500.0
32,933,5087,3070,100024,200091,600,750.0
33,647,5405,3093,100076,200072,47000,52000.0
34,326,5876,3063,100049,200040,48000,49000.0
35,601,5010,3099,100098,200027,8000,8000.0
36,867,5127,3075,100053,200018,450,500.0
37,199,5140,3042,100092,200037,600,650.0
38,292,5706,3086,100078,200030,28000,31000.0
39,220,5722,3051,100001,200029,16000,16500.0
40,580,5191,3028,100023,200003,700,650.0
41,642,5665,3099,100060,200072,8000,8000.0
42,444,5686,3093,100079,200055,47000,52000.0
43,119,5970,3041,100069,200072,43000,42500.0
44,501,5167,3073,100033,200020,550,650.0
45,633,5330,3022,100024,200053,32000,34000.0
46,529,5382,3046,100030,200002,3500,3800.0
47,503,5553,3091,100041,200064,35000,38000.0
48,908,5114,3014,100004,200028,1200,1250.0
49,426,5117,3076,100087,200071,2100,1900.0
50,718,5204,3033,100048,200080,1200,1100.0
51,339,5399,3076,100007,200023,2100,1900.0
52,210,5902,3051,100053,200063,16000,16500.0
53,257,5240,3012,100001,200013,3500,3500.0
54,684,5695,3014,100020,200021,1200,1250.0
55,208,5726,3081,100087,200054,800,650.0
56,777,5836,3066,100073,200032,900,1100.0
57,67,5892,3052,100098,200071,5000,4800.0
58,709,5187,3060,100077,200069,4200,4400.0
59,310,5230,3085,100005,200013,1900,2100.0
60,623,5274,3039,100011,200040,600,650.0
61,378,5400,3036,100073,200093,2100,2300.0
62,262,5492,3100,100077,200091,32000,35000.0
63,546,5508,3035,100013,200084,6500,7000.0
64,599,5825,3034,100084,200010,1600,1800.0
65,356,5865,3031,100088,200011,4000,4500.0
66,168,5965,3083,100031,200079,4600,4900.0
67,785,5170,3041,100057,200041,43000,42500.0
68,543,5257,3055,100069,200085,26000,30000.0
69,187,5463,3092,100011,200004,1900,2200.0
70,411,5542,3009,100067,200037,42000,42000.0
71,430,5655,3100,100068,200091,32000,35000.0
72,674,5916,3082,100070,200068,980,1020.0
73,760,5401,3065,100089,200092,500,550.0
74,489,5422,3042,100064,200096,600,650.0
75,375,5533,3097,100072,200023,3600,3800.0
76,787,5571,3058,100044,200017,1200,1100.0
77,810,5065,3071,100064,200085,9000,10000.0
78,936,5171,3058,100027,200060,1200,1100.0
79,359,5253,3077,100087,200052,5600,5800.0
80,587,5439,3034,100029,200094,1600,1800.0
81,15,5607,3000,100071,200049,9589,8500.0
82,931,5908,3072,100000,200070,5600,5800.0
83,668,5078,3041,100084,200073,43000,42500.0
84,24,5238,3100,100022,200097,32000,35000.0
85,345,5534,3016,100085,200093,1200,1350.0
86,13,5773,3100,100040,200088,32000,35000.0
87,956,5780,3067,100092,200001,1900,1750.0
88,670,5284,3031,100093,200060,4000,4500.0
89,58,5298,3029,100072,200019,6200,5900.0
90,969,5348,3011,100029,200023,2500,2650.0
91,209,5687,3015,100044,200080,1400,1400.0
92,98,5790,3066,100089,200028,900,1100.0
93,341,5889,3004,100017,200011,26000,26000.0
94,522,5931,3099,100090,200055,8000,8000.0
95,723,5988,3040,100063,200057,700,650.0
96,276,5009,3056,100038,200000,26000,29000.0
97,688,5278,3008,100082,200057,600,650.0
98,129,5504,3013,100056,200085,3000,3200.0
99,279,5515,3087,100054,200005,16000,16000.0
100,313,5562,3004,100051,200062,26000,26000.0
101,802,5911,3048,100079,200037,5600,5400.0
102,557,5151,3057,100088,200027,28000,30000.0
103,493,5287,3051,100034,200009,16000,16500.0
104,791,5447,3024,100009,200039,6000,6200.0
105,983,5785,3013,100041,200077,3000,3200.0
106,401,5799,3005,100072,200098,35000,36000.0
107,315,5899,3031,100067,200083,4000,4500.0
108,460,5072,3018,100062,200008,48000,48000.0
109,63,5333,3069,100011,200054,750,650.0
110,847,5763,3080,100024,200070,1900,2000.0
111,568,5922,3001,100055,200062,2450,2450.0
112,707,5991,3028,100013,200100,700,650.0
113,531,5309,3038,100092,200034,4500,4800.0
114,778,5420,3031,100077,200088,4000,4500.0
115,762,5770,3020,100030,200086,800,900.0
116,788,5219,3095,100043,200085,1800,1950.0
117,689,5281,3084,100095,200039,660,800.0
118,281,5894,3097,100042,200025,3600,3800.0
119,396,5959,3044,100017,200024,3200,3600.0
120,100,5104,3013,100033,200087,3000,3200.0
121,64,5434,3001,100016,200008,2450,2450.0
122,935,5721,3042,100036,200088,600,650.0
123,254,5851,3015,100033,200036,1400,1400.0
124,974,5968,3037,100066,200014,300,350.0
125,724,5989,3020,100091,200070,800,900.0
126,212,5041,3097,100084,200012,3600,3800.0
127,611,5110,3046,100087,200063,3500,3800.0
128,416,5250,3013,100013,200057,3000,3200.0
129,898,5288,3009,100007,200043,42000,42000.0
130,243,5366,3012,100014,200052,3500,3500.0
131,699,5458,3033,100012,200069,1200,1100.0
132,443,5657,3012,100100,200077,3500,3500.0
133,154,5408,3022,100015,200095,32000,34000.0
134,480,5059,3057,100042,200030,28000,30000.0
135,224,5335,3052,100062,200091,5000,4800.0
136,915,5527,3075,100086,200014,450,500.0
137,144,5692,3055,100006,200045,26000,30000.0
138,761,5730,3063,100058,200077,48000,49000.0
139,984,5900,3062,100000,200016,1800,1600.0
140,632,5316,3085,100078,200003,1900,2100.0
141,109,5426,3011,100061,200036,2500,2650.0
142,360,5450,3066,100099,200056,900,1100.0
143,253,5808,3079,100093,200092,2300,2300.0
144,134,5896,3084,100067,200073,660,800.0
145,809,5948,3065,100052,200081,500,550.0
146,273,5956,3075,100027,200030,450,500.0
147,514,5659,3023,100058,200030,22000,21500.0
148,202,5833,3024,100016,200062,6000,6200.0
149,142,5013,3088,100059,200045,46000,50000.0
150,566,5092,3085,100030,200094,1900,2100.0
151,201,5600,3059,100094,200031,2200,2500.0
152,387,5788,3077,100047,200012,5600,5800.0
153,54,5905,3011,100038,200048,2500,2650.0
154,169,5997,3078,100067,200054,5600,7200.0
155,266,5289,3094,100059,200074,560,750.0
156,653,5476,3050,100030,200050,2600,2700.0
157,382,5496,3023,100089,200049,22000,21500.0
158,188,5590,3010,100013,200091,1200,1400.0
159,235,5890,3092,100059,200073,1900,2200.0
160,728,5957,3039,100044,200014,600,650.0
161,421,5584,3085,100031,200044,1900,2100.0
162,997,5602,3068,100025,200008,4800,5050.0
163,240,5613,3028,100098,200059,700,650.0
164,930,5644,3061,100083,200059,3500,3800.0
165,700,5849,3006,100047,200070,13000,13000.0
166,56,5028,3047,100019,200062,18000,19000.0
167,50,5124,3015,100033,200055,1400,1400.0
168,105,5195,3063,100097,200072,48000,49000.0
169,300,5242,3023,100055,200040,22000,21500.0
170,634,5430,3032,100033,200093,39000,40000.0
171,367,5558,3033,100060,200026,1200,1100.0
172,150,5648,3092,100054,200052,1900,2200.0
173,613,5791,3046,100022,200070,3500,3800.0
174,380,5862,3084,100023,200006,660,800.0
175,218,5953,3015,100005,200042,1400,1400.0
176,651,5015,3077,100062,200002,5600,5800.0
177,461,5076,3037,100098,200003,300,350.0
178,628,5362,3033,100038,200020,1200,1100.0
179,393,5386,3014,100086,200041,1200,1250.0
180,828,5528,3039,100029,200027,600,650.0
181,910,5679,3025,100006,200001,8000,8500.0
182,335,5840,3003,100031,200064,6500,6750.0
183,61,5224,3059,100004,200062,2200,2500.0
184,977,5636,3057,100079,200081,28000,30000.0
185,539,5936,3077,100010,200036,5600,5800.0
186,675,5135,3084,100013,200091,660,800.0
187,205,5264,3036,100001,200073,2100,2300.0
188,332,5531,3052,100066,200096,5000,4800.0
189,245,5904,3094,100025,200041,560,750.0
190,701,5155,3082,100095,200094,980,1020.0
191,106,5213,3073,100001,200016,550,650.0
192,467,5592,3041,100021,200017,43000,42500.0
193,521,5711,3044,100087,200042,3200,3600.0
194,649,5958,3069,100019,200096,750,650.0
195,854,5005,3078,100099,200081,5600,7200.0
196,372,5064,3027,100000,200085,500,650.0
197,204,5248,3099,100009,200059,8000,8000.0
198,887,5280,3016,100021,200034,1200,1350.0
199,614,5006,3034,100073,200076,1600,1800.0
200,158,5828,3056,100040,200100,26000,29000.0
201,407,5877,3048,100032,200087,5600,5400.0
202,978,5963,3092,100036,200045,1900,2200.0
203,886,5057,3063,100016,200081,48000,49000.0
204,541,5085,3038,100045,200011,4500,4800.0
205,353,5119,3065,100035,200023,500,550.0
206,35,5136,3026,100014,200052,38000,41000.0
207,964,5345,3051,100079,200040,16000,16500.0
208,533,5432,3048,100006,200006,5600,5400.0
209,346,5635,3048,100003,200092,5600,5400.0
210,394,5752,3058,100053,200080,1200,1100.0
211,958,5802,3030,100094,200019,16000,18000.0
212,357,5886,3061,100080,200004,3500,3800.0
213,875,5887,3043,100051,200079,1400,1550.0
214,388,5982,3080,100044,200057,1900,2000.0
215,786,5202,3027,100074,200014,500,650.0
216,14,5229,3090,100012,200025,2600,2900.0
217,247,5469,3064,100067,200097,1900,2100.0
218,149,5629,3011,100009,200012,2500,2650.0
219,998,5827,3045,100029,200034,3500,3200.0
220,11,5960,3043,100039,200054,1400,1550.0
221,114,5143,3094,100098,200048,560,750.0
222,549,5227,3079,100021,200048,2300,2300.0
223,402,5933,3013,100080,200005,3000,3200.0
224,841,5942,3003,100026,200071,6500,6750.0
225,619,5055,3072,100078,200074,5600,5800.0
226,369,5198,3007,100034,200004,40100,40500.0
227,330,5211,3083,100026,200080,4600,4900.0
228,336,5328,3015,100037,200006,1400,1400.0
229,604,5554,3017,100089,200086,4500,4500.0
230,618,5556,3027,100067,200028,500,650.0
231,476,5910,3063,100000,200057,48000,49000.0
232,83,5998,3034,100070,200076,1600,1800.0
233,93,5591,3028,100067,200085,700,650.0
234,131,5712,3052,100047,200001,5000,4800.0
235,607,5797,3041,100046,200012,43000,42500.0
236,759,5342,3031,100046,200052,4000,4500.0
237,947,5374,3099,100005,200029,8000,8000.0
238,248,5703,3006,100043,200000,13000,13000.0
239,132,5864,3074,100080,200069,600,500.0
240,439,5637,3007,100000,200059,40100,40500.0
241,905,5668,3088,100037,200054,46000,50000.0
242,327,5777,3023,100048,200058,22000,21500.0
243,806,5251,3088,100070,200099,46000,50000.0
244,303,5368,3023,100012,200071,22000,21500.0
245,1000,5391,3065,100087,200088,500,550.0
246,690,5546,3021,100089,200090,1400,1460.0
247,302,5725,3011,100029,200051,2500,2650.0
248,117,5839,3098,100087,200033,2200,2200.0
249,69,5098,3010,100031,200087,1200,1400.0
250,819,5113,3003,100006,200080,6500,6750.0
251,982,5431,3063,100060,200028,48000,49000.0
252,863,5578,3059,100059,200064,2200,2500.0
253,991,5089,3079,100018,200014,2300,2300.0
254,232,5138,3031,100003,200083,4000,4500.0
255,200,5352,3032,100030,200027,39000,40000.0
256,496,5435,3012,100068,200054,3500,3500.0
257,226,5471,3058,100047,200091,1200,1100.0
258,307,5662,3067,100050,200029,1900,1750.0
259,385,5749,3037,100036,200024,300,350.0
260,231,5080,3005,100013,200039,35000,36000.0
261,86,5764,3090,100006,200068,2600,2900.0
262,23,5914,3091,100021,200056,35000,38000.0
263,837,5984,3085,100053,200064,1900,2100.0
264,269,5002,3012,100045,200048,3500,3500.0
265,918,5285,3062,100022,200042,1800,1600.0
266,988,5327,3093,100028,200064,47000,52000.0
267,873,5456,3027,100088,200032,500,650.0
268,900,5486,3096,100083,200047,1900,2100.0
269,4,5575,3030,100091,200053,16000,18000.0
270,498,5585,3000,100063,200000,9589,8500.0
271,462,5182,3080,100080,200048,1900,2000.0
272,625,5666,3002,100039,200053,1200,1250.0
273,796,5739,3033,100073,200046,1200,1100.0
274,756,5071,3092,100070,200086,1900,2200.0
275,162,5100,3045,100006,200086,3500,3200.0
276,749,5201,3082,100000,200084,980,1020.0
277,312,5543,3094,100069,200025,560,750.0
278,713,5859,3008,100098,200021,600,650.0
279,555,5872,3081,100096,200051,800,650.0
280,992,5291,3081,100064,200051,800,650.0
281,630,5509,3066,100100,200033,900,1100.0
282,8,5619,3016,100085,200001,1200,1350.0
283,299,5934,3088,100016,200003,46000,50000.0
284,610,5096,3040,100007,200009,700,650.0
285,822,5390,3036,100084,200015,2100,2300.0
286,821,5299,3073,100058,200044,550,650.0
287,91,5413,3052,100068,200043,5000,4800.0
288,497,5510,3046,100090,200045,3500,3800.0
289,733,5667,3013,100001,200026,3000,3200.0
290,490,5683,3047,100017,200085,18000,19000.0
291,75,5125,3086,100027,200091,28000,31000.0
292,850,5369,3078,100084,200034,5600,7200.0
293,973,5789,3035,100017,200094,6500,7000.0
294,870,5807,3068,100048,200064,4800,5050.0
295,59,5866,3062,100036,200038,1800,1600.0
296,297,5338,3016,100031,200002,1200,1350.0
297,817,5756,3030,100076,200091,16000,18000.0
298,126,5913,3007,100046,200003,40100,40500.0
299,420,5105,3088,100075,200021,46000,50000.0
300,902,5165,3083,100036,200037,4600,4900.0
301,179,5292,3043,100016,200034,1400,1550.0
302,635,5481,3079,100011,200092,2300,2300.0
303,843,5530,3044,100052,200042,3200,3600.0
304,79,5565,3083,100078,200077,4600,4900.0
305,16,5811,3085,100026,200038,1900,2100.0
306,435,5627,3009,100030,200044,42000,42000.0
307,264,5757,3050,100090,200077,2600,2700.0
308,395,5884,3071,100096,200014,9000,10000.0
309,686,5016,3035,100083,200050,6500,7000.0
310,51,5188,3040,100036,200043,700,650.0
311,323,5424,3009,100092,200006,42000,42000.0
312,637,5634,3063,100097,200049,48000,49000.0
313,250,5847,3047,100075,200086,18000,19000.0
314,789,5260,3014,100040,200013,1200,1250.0
315,486,5265,3065,100055,200097,500,550.0
316,137,5315,3090,100090,200047,2600,2900.0
317,616,5402,3047,100084,200093,18000,19000.0
318,989,5645,3043,100001,200082,1400,1550.0
319,167,5867,3042,100072,200031,600,650.0
320,389,5043,3084,100087,200077,660,800.0
321,556,5067,3061,100008,200090,3500,3800.0
322,852,5552,3007,100008,200023,40100,40500.0
323,712,5844,3076,100061,200012,2100,1900.0
324,381,5870,3094,100010,200092,560,750.0
325,526,5882,3082,100013,200052,980,1020.0
326,145,5159,3061,100017,200001,3500,3800.0
327,772,5000,3100,100060,200074,32000,35000.0
328,866,5082,3019,100016,200099,32000,32500.0
329,980,5325,3054,100039,200075,400,600.0
330,361,5464,3018,100002,200078,48000,48000.0
331,888,5466,3029,100070,200031,6200,5900.0
332,952,5776,3089,100009,200005,600,650.0
333,694,5994,3012,100058,200098,3500,3500.0
334,397,5363,3061,100093,200039,3500,3800.0
335,971,5664,3056,100097,200067,26000,29000.0
336,471,5842,3087,100074,200097,16000,16000.0
337,340,5428,3021,100047,200000,1400,1460.0
338,80,5586,3096,100007,200052,1900,2100.0
339,923,5804,3038,100021,200021,4500,4800.0
340,510,5145,3081,100042,200089,800,650.0
341,206,5273,3075,100094,200007,450,500.0
342,338,5355,3057,100022,200088,28000,30000.0
343,481,5516,3025,100049,200063,8000,8500.0
344,753,5696,3087,100091,200022,16000,16000.0
345,107,5131,3052,100018,200041,5000,4800.0
346,999,5152,3007,100094,200029,40100,40500.0
347,25,5511,3055,100081,200010,26000,30000.0
348,939,5537,3074,100081,200064,600,500.0
349,654,5633,3032,100045,200059,39000,40000.0
350,650,5672,3066,100030,200084,900,1100.0
351,993,5694,3003,100020,200006,6500,6750.0
352,255,5853,3022,100000,200049,32000,34000.0
353,437,5926,3078,100018,200057,5600,7200.0
354,48,5995,3089,100078,200079,600,650.0
355,237,5194,3032,100053,200098,39000,40000.0
356,321,5283,3074,100004,200048,600,500.0
357,52,5384,3098,100045,200059,2200,2200.0
358,101,5497,3078,100092,200072,5600,7200.0
359,275,5966,3029,100038,200034,6200,5900.0
360,270,5139,3062,100079,200082,1800,1600.0
361,742,5379,3077,100019,200017,5600,5800.0
362,965,5468,3037,100016,200054,300,350.0
363,680,5559,3061,100012,200053,3500,3800.0
364,636,5597,3030,100076,200090,16000,18000.0
365,951,5651,3029,100097,200045,6200,5900.0
366,525,5717,3026,100045,200064,38000,41000.0
367,824,5977,3038,100060,200070,4500,4800.0
368,221,5225,3070,100032,200081,600,750.0
369,418,5912,3057,100079,200100,28000,30000.0
370,754,5915,3017,100000,200091,4500,4500.0
371,803,5975,3030,100060,200036,16000,18000.0
372,731,5307,3030,100085,200073,16000,18000.0
373,138,5378,3024,100011,200010,6000,6200.0
374,816,5393,3055,100014,200041,26000,30000.0
375,883,5470,3041,100056,200099,43000,42500.0
376,122,5611,3020,100059,200053,800,900.0
377,682,5879,3007,100053,200002,40100,40500.0
378,403,5952,3093,100079,200005,47000,52000.0
379,113,5986,3096,100060,200031,1900,2100.0
380,678,5387,3087,100062,200033,16000,16000.0
381,929,5598,3050,100079,200044,2600,2700.0
382,127,5052,3011,100009,200028,2500,2650.0
383,559,5218,3005,100082,200087,35000,36000.0
384,831,5361,3071,100082,200070,9000,10000.0
385,799,5365,3001,100065,200094,2450,2450.0
386,814,5367,3089,100097,200056,600,650.0
387,925,5370,3034,100009,200097,1600,1800.0
388,215,5459,3061,100049,200074,3500,3800.0
389,593,5523,3093,100094,200099,47000,52000.0
390,509,5121,3054,100042,200097,400,600.0
391,271,5141,3051,100004,200082,16000,16500.0
392,725,5350,3021,100075,200098,1400,1460.0
393,523,5388,3025,100044,200071,8000,8500.0
394,966,5649,3018,100010,200078,48000,48000.0
395,567,5824,3078,100065,200075,5600,7200.0
396,836,5376,3013,100070,200053,3000,3200.0
397,260,5663,3045,100047,200041,3500,3200.0
398,252,5275,3069,100058,200087,750,650.0
399,751,5381,3066,100015,200030,900,1100.0
400,842,5128,3039,100067,200087,600,650.0
401,571,5301,3064,100081,200010,1900,2100.0
402,950,5489,3020,100045,200012,800,900.0
403,454,5581,3079,100032,200083,2300,2300.0
404,605,5680,3076,100044,200073,2100,1900.0
405,477,5069,3053,100096,200050,1400,1350.0
406,174,5360,3027,100085,200062,500,650.0
407,214,5577,3038,100000,200032,4500,4800.0
408,483,5606,3085,100079,200074,1900,2100.0
409,586,5861,3016,100085,200049,1200,1350.0
410,415,5020,3098,100051,200026,2200,2200.0
411,811,5090,3080,100008,200093,1900,2000.0
412,89,5126,3022,100082,200020,32000,34000.0
413,782,5243,3078,100010,200041,5600,7200.0
414,173,5336,3008,100053,200036,600,650.0
415,545,5416,3016,100002,200059,1200,1350.0
416,502,5436,3089,100073,200012,600,650.0
417,153,5169,3064,100025,200089,1900,2100.0
418,573,5541,3051,100020,200090,16000,16500.0
419,26,5573,3095,100088,200080,1800,1950.0
420,55,5940,3055,100081,200028,26000,30000.0
421,507,5950,3054,100013,200024,400,600.0
422,895,5969,3064,100016,200033,1900,2100.0
423,953,5032,3015,100042,200077,1400,1400.0
424,103,5196,3048,100005,200022,5600,5400.0
425,182,5357,3091,100024,200042,35000,38000.0
426,815,5389,3076,100065,200085,2100,1900.0
427,20,5625,3042,100053,200018,600,650.0
428,351,5895,3016,100019,200038,1200,1350.0
429,448,5535,3084,100004,200065,660,800.0
430,82,5704,3093,100056,200031,47000,52000.0
431,195,5708,3075,100001,200058,450,500.0
432,584,5718,3074,100100,200085,600,500.0
433,196,5809,3080,100073,200073,1900,2000.0
434,425,5967,3073,100003,200040,550,650.0
435,985,5981,3079,100014,200063,2300,2300.0
436,283,5344,3042,100046,200100,600,650.0
437,116,5522,3006,100060,200066,13000,13000.0
438,111,5550,3048,100095,200023,5600,5400.0
439,159,5925,3023,100032,200071,22000,21500.0
440,639,5919,3033,100096,200088,1200,1100.0
441,135,5949,3047,100058,200060,18000,19000.0
442,845,5058,3048,100098,200008,5600,5400.0
443,355,5343,3062,100026,200024,1800,1600.0
444,10,5775,3012,100043,200063,3500,3500.0
445,864,5782,3056,100037,200077,26000,29000.0
446,516,5806,3070,100025,200087,600,750.0
447,823,5946,3076,100070,200074,2100,1900.0
448,242,5154,3017,100075,200004,4500,4500.0
449,849,5184,3085,100044,200077,1900,2100.0
450,703,5438,3078,100037,200078,5600,7200.0
451,672,5580,3068,100011,200045,4800,5050.0
452,180,5358,3017,100055,200042,4500,4500.0
453,590,5183,3090,100033,200084,2600,2900.0
454,919,5488,3040,100058,200061,700,650.0
455,244,5545,3081,100088,200050,800,650.0
456,995,5822,3089,100073,200061,600,650.0
457,693,5897,3026,100005,200011,38000,41000.0
458,880,5045,3074,100046,200006,600,500.0
459,717,5193,3072,100056,200045,5600,5800.0
460,267,5472,3005,100058,200075,35000,36000.0
461,889,5691,3039,100093,200096,600,650.0
462,606,5784,3002,100019,200063,1200,1250.0
463,38,5068,3043,100001,200081,1400,1550.0
464,776,5262,3025,100076,200100,8000,8500.0
465,429,5505,3088,100052,200042,46000,50000.0
466,293,5751,3041,100074,200083,43000,42500.0
467,882,5380,3035,100040,200070,6500,7000.0
468,868,5442,3056,100055,200016,26000,29000.0
469,78,5549,3063,100074,200023,48000,49000.0
470,406,5690,3075,100049,200014,450,500.0
471,505,5755,3019,100000,200082,32000,32500.0
472,574,5871,3011,100045,200031,2500,2650.0
473,656,5947,3036,100044,200014,2100,2300.0
474,30,5992,3100,100038,200049,32000,35000.0
475,813,5212,3029,100037,200041,6200,5900.0
476,370,5467,3073,100050,200079,550,650.0
477,620,5061,3091,100059,200066,35000,38000.0
478,342,5176,3050,100084,200021,2600,2700.0
479,65,5460,3043,100045,200073,1400,1550.0
480,320,5044,3026,100074,200012,38000,41000.0
481,376,5185,3000,100032,200027,9589,8500.0
482,432,5231,3000,100060,200009,9589,8500.0
483,442,5346,3009,100064,200009,42000,42000.0
484,488,5377,3088,100032,200090,46000,50000.0
485,298,5587,3060,100050,200044,4200,4400.0
486,986,5038,3044,100052,200013,3200,3600.0
487,622,5148,3032,100055,200028,39000,40000.0
488,897,5158,3033,100100,200066,1200,1100.0
489,18,5491,3028,100050,200014,700,650.0
490,468,5693,3098,100080,200006,2200,2200.0
491,249,5743,3004,100045,200082,26000,26000.0
492,211,5993,3001,100055,200064,2450,2450.0
493,171,5279,3097,100028,200029,3600,3800.0
494,371,5485,3000,100073,200076,9589,8500.0
495,213,5547,3072,100012,200055,5600,5800.0
496,295,5973,3095,100088,200040,1800,1950.0
497,862,5427,3081,100052,200084,800,650.0
498,384,5700,3065,100007,200009,500,550.0
499,911,5731,3048,100024,200077,5600,5400.0
500,884,5740,3061,100024,200050,3500,3800.0
501,945,5885,3033,100010,200076,1200,1100.0
502,352,5111,3055,100094,200047,26000,30000.0
503,627,5308,3050,100096,200008,2600,2700.0
504,691,5669,3024,100073,200095,6000,6200.0
505,469,5697,3025,100083,200049,8000,8500.0
506,161,5097,3020,100073,200065,800,900.0
507,285,5146,3021,100098,200082,1400,1460.0
508,66,5626,3051,100021,200052,16000,16500.0
509,184,5719,3031,100013,200075,4000,4500.0
510,960,5935,3024,100048,200055,6000,6200.0
511,120,5033,3086,100075,200082,28000,31000.0
512,500,5130,3044,100042,200089,3200,3600.0
513,790,5339,3084,100025,200049,660,800.0
514,36,5778,3078,100056,200095,5600,7200.0
515,667,5814,3060,100085,200012,4200,4400.0
516,990,5921,3100,100028,200050,32000,35000.0
517,844,5007,3067,100081,200052,1900,1750.0
518,773,5134,3016,100022,200051,1200,1350.0
519,660,5161,3053,100100,200072,1400,1350.0
520,331,5221,3030,100081,200017,16000,18000.0
521,899,5310,3059,100090,200009,2200,2500.0
522,671,5313,3079,100099,200012,2300,2300.0
523,40,5383,3055,100038,200007,26000,30000.0
524,726,5513,3003,100004,200081,6500,6750.0
525,638,5823,3023,100048,200074,22000,21500.0
526,409,5985,3000,100015,200090,9589,8500.0
527,755,5054,3021,100094,200016,1400,1460.0
528,676,5319,3060,100083,200077,4200,4400.0
529,677,5320,3040,100029,200037,700,650.0
530,438,5409,3075,100059,200089,450,500.0
531,572,5445,3013,100011,200015,3000,3200.0
532,465,5462,3004,100083,200099,26000,26000.0
533,164,5689,3022,100039,200009,32000,34000.0
534,309,5027,3065,100072,200024,500,550.0
535,711,5656,3001,100033,200035,2450,2450.0
536,745,5929,3045,100025,200008,3500,3200.0
537,74,5478,3059,100027,200036,2200,2500.0
538,800,5555,3082,100021,200068,980,1020.0
539,513,5603,3079,100097,200006,2300,2300.0
540,839,5631,3021,100000,200057,1400,1460.0
541,626,5674,3055,100023,200047,26000,30000.0
542,926,5482,3080,100069,200043,1900,2000.0
543,793,5548,3032,100054,200068,39000,40000.0
544,368,5670,3077,100061,200082,5600,5800.0
545,775,5705,3015,100087,200042,1400,1400.0
546,228,5736,3082,100085,200011,980,1020.0
547,192,5056,3032,100088,200055,39000,40000.0
548,744,5215,3064,100023,200019,1900,2100.0
549,641,5237,3028,100034,200047,700,650.0
550,44,5407,3086,100097,200093,28000,31000.0
551,374,5494,3012,100063,200040,3500,3500.0
552,400,5640,3082,100005,200059,980,1020.0
553,291,5698,3076,100086,200011,2100,1900.0
554,124,5699,3036,100001,200048,2100,2300.0
555,890,5787,3024,100088,200075,6000,6200.0
556,280,5834,3077,100006,200011,5600,5800.0
557,655,5846,3065,100013,200065,500,550.0
558,876,5891,3018,100008,200033,48000,48000.0
559,230,5923,3012,100075,200013,3500,3500.0
560,746,5945,3025,100009,200041,8000,8500.0
561,512,5217,3058,100023,200021,1200,1100.0
562,362,5524,3015,100066,200009,1400,1400.0
563,268,5681,3036,100006,200055,2100,2300.0
564,21,5737,3027,100034,200053,500,650.0
565,286,5754,3095,100097,200093,1800,1950.0
566,431,5845,3036,100048,200000,2100,2300.0
567,698,5403,3054,100079,200080,400,600.0
568,727,5832,3088,100021,200054,46000,50000.0
569,564,5944,3087,100094,200098,16000,16000.0
570,88,5086,3059,100025,200041,2200,2500.0
571,657,5099,3028,100021,200095,700,650.0
572,70,5102,3099,100083,200002,8000,8000.0
573,1,5239,3001,100055,200038,2450,2450.0
574,42,5286,3042,100080,200040,600,650.0
575,732,5642,3071,100078,200012,9000,10000.0
576,333,5738,3071,100057,200095,9000,10000.0
577,450,5813,3096,100014,200069,1900,2100.0
578,695,5014,3024,100059,200054,6000,6200.0
579,859,5142,3009,100045,200093,42000,42000.0
580,596,5164,3018,100068,200088,48000,48000.0
581,463,5209,3092,100038,200086,1900,2200.0
582,225,5421,3062,100039,200042,1800,1600.0
583,948,5448,3077,100067,200015,5600,5800.0
584,920,5493,3001,100011,200003,2450,2450.0
585,434,5579,3070,100058,200093,600,750.0
586,938,5050,3009,100046,200068,42000,42000.0
587,708,5120,3047,100018,200016,18000,19000.0
588,43,5300,3037,100063,200017,300,350.0
589,398,5484,3085,100085,200089,1900,2100.0
590,39,5075,3073,100033,200051,550,650.0
591,615,5081,3095,100064,200098,1800,1950.0
592,96,5166,3029,100016,200083,6200,5900.0
593,223,5276,3044,100009,200029,3200,3600.0
594,499,5734,3091,100015,200050,35000,38000.0
595,894,5762,3079,100042,200026,2300,2300.0
596,722,5771,3010,100021,200028,1200,1400.0
597,112,5901,3042,100025,200044,600,650.0
598,652,5173,3095,100092,200018,1800,1950.0
599,834,5266,3047,100077,200023,18000,19000.0
600,719,5449,3035,100012,200061,6500,7000.0
601,399,5529,3069,100000,200016,750,650.0
602,506,5760,3070,100044,200020,600,750.0
603,579,5783,3099,100069,200047,8000,8000.0
604,458,5798,3058,100001,200021,1200,1100.0
605,769,5137,3074,100090,200055,600,500.0
606,81,5702,3054,100021,200001,400,600.0
607,537,5821,3012,100044,200096,3500,3500.0
608,274,5961,3053,100023,200000,1400,1350.0
609,946,5256,3046,100084,200002,3500,3800.0
610,550,5437,3023,100085,200094,22000,21500.0
611,147,5538,3031,100062,200039,4000,4500.0
612,547,5677,3014,100037,200074,1200,1250.0
613,305,5713,3008,100083,200048,600,650.0
614,912,5941,3098,100001,200016,2200,2200.0
615,219,5980,3068,100088,200013,4800,5050.0
616,757,5245,3067,100012,200023,1900,1750.0
617,143,5830,3002,100098,200057,1200,1250.0
618,405,5623,3031,100038,200061,4000,4500.0
619,22,5854,3075,100099,200009,450,500.0
620,314,5868,3051,100020,200058,16000,16500.0
621,440,5937,3035,100018,200032,6500,7000.0
622,282,5132,3008,100057,200013,600,650.0
623,410,5190,3010,100025,200034,1200,1400.0
624,702,5293,3053,100077,200069,1400,1350.0
625,263,5617,3008,100061,200066,600,650.0
626,108,5226,3068,100003,200046,4800,5050.0
627,128,5246,3045,100049,200003,3500,3200.0
628,750,5297,3083,100093,200032,4600,4900.0
629,304,5574,3019,100034,200085,32000,32500.0
630,941,5654,3064,100049,200018,1900,2100.0
631,157,5716,3084,100004,200001,660,800.0
632,517,5855,3039,100011,200078,600,650.0
633,669,5223,3038,100057,200034,4500,4800.0
634,130,5540,3042,100012,200066,600,650.0
635,685,5714,3097,100088,200070,3600,3800.0
636,491,5924,3089,100090,200050,600,650.0
637,748,5039,3052,100070,200046,5000,4800.0
638,92,5569,3064,100074,200100,1900,2100.0
639,473,5678,3087,100028,200042,16000,16000.0
640,515,5748,3073,100083,200076,550,650.0
641,967,5037,3069,100061,200005,750,650.0
642,527,5206,3043,100089,200020,1400,1550.0
643,835,5295,3092,100003,200064,1900,2200.0
644,478,5322,3010,100062,200069,1200,1400.0
645,217,5826,3067,100006,200078,1900,1750.0
646,31,5001,3001,100038,200091,2450,2450.0
647,511,5175,3030,100048,200069,16000,18000.0
648,148,5583,3090,100050,200060,2600,2900.0
649,536,5710,3069,100097,200098,750,650.0
650,780,5150,3048,100061,200071,5600,5400.0
651,316,5347,3094,100095,200022,560,750.0
652,714,5364,3100,100094,200046,32000,35000.0
653,428,5479,3070,100073,200089,600,750.0
654,449,5588,3040,100025,200004,700,650.0
655,325,5742,3053,100032,200087,1400,1350.0
656,445,5022,3014,100000,200072,1200,1250.0
657,495,5371,3067,100010,200051,1900,1750.0
658,851,5429,3072,100093,200035,5600,5800.0
659,916,5628,3094,100026,200013,560,750.0
660,165,5720,3062,100088,200055,1800,1600.0
661,358,5943,3014,100046,200091,1200,1250.0
662,609,5066,3033,100035,200017,1200,1100.0
663,417,5294,3004,100050,200003,26000,26000.0
664,238,5490,3010,100005,200072,1200,1400.0
665,600,5596,3019,100036,200014,32000,32500.0
666,383,5684,3054,100013,200021,400,600.0
667,830,5759,3059,100026,200036,2200,2500.0
668,518,5858,3052,100084,200097,5000,4800.0
669,542,5233,3060,100071,200053,4200,4400.0
670,261,5359,3082,100031,200051,980,1020.0
671,893,5411,3069,100034,200003,750,650.0
672,554,5707,3022,100003,200051,32000,34000.0
673,832,5856,3069,100067,200087,750,650.0
674,563,5874,3072,100007,200061,5600,5800.0
675,329,5153,3091,100047,200018,35000,38000.0
676,2,5415,3097,100016,200034,3600,3800.0
677,452,5561,3053,100004,200088,1400,1350.0
678,856,5589,3020,100099,200018,800,900.0
679,347,5639,3017,100020,200079,4500,4500.0
680,767,5805,3059,100040,200091,2200,2500.0
681,963,5118,3036,100096,200030,2100,2300.0
682,805,5477,3038,100012,200010,4500,4800.0
683,482,5601,3070,100044,200099,600,750.0
684,29,5907,3021,100089,200094,1400,1460.0
685,152,5107,3077,100071,200006,5600,5800.0
686,640,5208,3004,100082,200069,26000,26000.0
687,306,5222,3050,100008,200080,2600,2700.0
688,826,5354,3048,100068,200017,5600,5400.0
689,37,5880,3091,100032,200073,35000,38000.0
690,730,5244,3034,100092,200040,1600,1800.0
691,181,5314,3080,100016,200071,1900,2000.0
692,561,5741,3043,100047,200013,1400,1550.0
693,177,5012,3013,100095,200042,3000,3200.0
694,84,5026,3036,100039,200081,2100,2300.0
695,354,5149,3063,100038,200000,48000,49000.0
696,861,5232,3096,100055,200004,1900,2100.0
697,825,5326,3006,100081,200029,13000,13000.0
698,932,5974,3019,100012,200062,32000,32500.0
699,198,5990,3010,100002,200034,1200,1400.0
700,934,5261,3087,100089,200080,16000,16000.0
701,377,5318,3096,100075,200001,1900,2100.0
702,592,5512,3098,100076,200076,2200,2200.0
703,662,5564,3018,100050,200031,48000,48000.0
704,350,5761,3068,100059,200055,4800,5050.0
705,763,5971,3058,100077,200090,1200,1100.0
706,901,5091,3090,100068,200011,2600,2900.0
707,528,5267,3054,100004,200074,400,600.0
708,487,5353,3063,100081,200023,48000,49000.0
709,46,5881,3017,100055,200097,4500,4500.0
710,885,5964,3018,100070,200020,48000,48000.0
711,343,5296,3018,100005,200051,48000,48000.0
712,903,5414,3008,100092,200067,600,650.0
713,827,5487,3060,100014,200042,4200,4400.0
714,597,5576,3050,100082,200060,2600,2700.0
715,535,5599,3038,100051,200081,4500,4800.0
716,94,5729,3032,100046,200019,39000,40000.0
717,801,5779,3034,100010,200080,1600,1800.0
718,878,5024,3025,100027,200056,8000,8500.0
719,913,5109,3066,100041,200065,900,1100.0
720,696,5157,3071,100010,200066,9000,10000.0
721,222,5247,3056,100040,200082,26000,29000.0
722,317,5560,3043,100075,200055,1400,1550.0
723,504,5658,3089,100090,200096,600,650.0
724,456,5675,3098,100060,200029,2200,2200.0
725,848,5767,3096,100053,200037,1900,2100.0
726,191,5860,3097,100064,200092,3600,3800.0
727,747,5036,3039,100039,200068,600,650.0
728,544,5263,3076,100025,200050,2100,1900.0
729,373,5277,3052,100087,200082,5000,4800.0
730,646,5337,3097,100035,200058,3600,3800.0
731,975,5417,3084,100081,200091,660,800.0
732,234,5418,3026,100059,200008,38000,41000.0
733,322,5423,3051,100068,200029,16000,16500.0
734,752,5622,3074,100097,200002,600,500.0
735,479,5920,3061,100086,200036,3500,3800.0
736,540,5047,3062,100063,200095,1800,1600.0
737,687,5116,3025,100022,200040,8000,8500.0
738,72,5172,3005,100055,200050,35000,36000.0
739,524,5419,3074,100038,200031,600,500.0
740,869,5501,3056,100006,200070,26000,29000.0
741,259,5514,3014,100050,200077,1200,1250.0
742,455,5612,3010,100061,200044,1200,1400.0
743,189,5647,3004,100032,200062,26000,26000.0
744,151,5796,3064,100029,200011,1900,2100.0
745,833,5917,3027,100093,200006,500,650.0
746,874,5457,3071,100025,200004,9000,10000.0
747,865,5817,3010,100096,200086,1200,1400.0
748,485,5234,3040,100004,200091,700,650.0
749,288,5375,3002,100014,200069,1200,1250.0
750,706,5701,3047,100058,200053,18000,19000.0
751,140,5812,3000,100051,200059,9589,8500.0
752,576,5181,3079,100051,200015,2300,2300.0
753,194,5412,3044,100011,200016,3200,3600.0
754,28,5829,3099,100011,200053,8000,8000.0
755,256,5869,3009,100033,200031,42000,42000.0
756,57,5053,3081,100100,200088,800,650.0
757,90,5179,3070,100083,200007,600,750.0
758,729,5189,3020,100057,200073,800,900.0
759,779,5499,3067,100079,200013,1900,1750.0
760,784,5544,3011,100013,200033,2500,2650.0
761,955,5673,3046,100064,200002,3500,3800.0
762,906,5774,3001,100079,200028,2450,2450.0
763,736,5850,3093,100024,200013,47000,52000.0
764,558,5199,3091,100097,200043,35000,38000.0
765,949,5595,3095,100008,200046,1800,1950.0
766,334,5745,3018,100096,200062,48000,48000.0
767,943,5758,3038,100022,200085,4500,4800.0
768,287,5794,3073,100006,200010,550,650.0
769,6,5893,3008,100089,200075,600,650.0
770,602,5200,3017,100057,200042,4500,4500.0
771,954,5404,3006,100050,200083,13000,13000.0
772,679,5532,3008,100036,200041,600,650.0
773,363,5653,3037,100098,200011,300,350.0
774,190,5816,3020,100078,200027,800,900.0
775,770,5433,3100,100006,200097,32000,35000.0
776,365,5643,3033,100076,200065,1200,1100.0
777,203,5123,3093,100097,200082,47000,52000.0
778,664,5207,3053,100014,200057,1400,1350.0
779,172,5331,3075,100017,200059,450,500.0
780,77,5455,3082,100045,200046,980,1020.0
781,216,5525,3086,100063,200043,28000,31000.0
782,594,5605,3090,100018,200087,2600,2900.0
783,721,5685,3006,100074,200078,13000,13000.0
784,562,5820,3001,100025,200100,2450,2450.0
785,87,5831,3013,100023,200009,3000,3200.0
786,197,5930,3056,100085,200091,26000,29000.0
787,68,5062,3017,100093,200048,4500,4500.0
788,102,5160,3043,100002,200016,1400,1550.0
789,45,5517,3076,100087,200062,2100,1900.0
790,472,5197,3057,100013,200096,28000,30000.0
791,123,5652,3073,100048,200062,550,650.0
792,743,5863,3026,100061,200047,38000,41000.0
793,178,5255,3066,100017,200092,900,1100.0
794,139,5539,3062,100071,200090,1800,1600.0
795,3,5568,3037,100040,200026,300,350.0
796,807,5709,3039,100061,200042,600,650.0
797,284,5727,3021,100017,200005,1400,1460.0
798,797,5042,3016,100056,200091,1200,1350.0
799,595,5101,3056,100037,200083,26000,29000.0
800,311,5507,3077,100082,200061,5600,5800.0
801,227,5646,3053,100057,200075,1400,1350.0
802,5,5661,3034,100059,200092,1600,1800.0
803,565,5803,3050,100006,200055,2600,2700.0
804,414,5928,3067,100034,200093,1900,1750.0
805,765,5008,3045,100040,200007,3500,3200.0
806,364,5236,3010,100087,200039,1200,1400.0
807,792,5461,3053,100024,200057,1400,1350.0
808,795,5604,3080,100099,200072,1900,2000.0
809,484,5615,3044,100053,200098,3200,3600.0
810,207,5650,3083,100045,200023,4600,4900.0
811,548,5795,3037,100041,200024,300,350.0
812,569,5093,3000,100022,200005,9589,8500.0
813,879,5290,3011,100087,200066,2500,2650.0
814,734,5394,3098,100002,200032,2200,2200.0
815,155,5451,3057,100018,200055,28000,30000.0
816,928,5500,3045,100021,200054,3500,3200.0
817,344,5503,3002,100033,200099,1200,1250.0
818,53,5792,3083,100011,200090,4600,4900.0
819,160,5046,3031,100059,200080,4000,4500.0
820,447,5340,3026,100007,200016,38000,41000.0
821,183,5465,3083,100041,200023,4600,4900.0
822,156,5610,3040,100001,200036,700,650.0
823,9,5671,3035,100080,200059,6500,7000.0
824,308,5800,3095,100064,200021,1800,1950.0
825,959,5837,3046,100002,200021,3500,3800.0
826,962,5030,3006,100088,200055,13000,13000.0
827,871,5228,3080,100092,200007,1900,2000.0
828,532,5373,3056,100078,200090,26000,29000.0
829,705,5480,3068,100060,200044,4800,5050.0
830,820,5177,3038,100082,200077,4500,4800.0
831,441,5192,3021,100035,200065,1400,1460.0
832,629,5498,3034,100045,200061,1600,1800.0
833,737,5883,3027,100044,200005,500,650.0
834,459,5976,3050,100061,200001,2600,2700.0
835,33,5049,3051,100003,200021,16000,16500.0
836,7,5147,3072,100045,200015,5600,5800.0
837,390,5214,3037,100092,200056,300,350.0
838,846,5526,3022,100024,200058,32000,34000.0
839,446,5551,3057,100051,200030,28000,30000.0
840,475,5715,3016,100099,200040,1200,1350.0
841,808,5769,3040,100095,200081,700,650.0
842,379,5838,3055,100079,200005,26000,30000.0
843,519,5898,3074,100008,200001,600,500.0
844,175,5903,3009,100059,200018,42000,42000.0
845,798,5073,3083,100019,200002,4600,4900.0
846,575,5112,3098,100031,200053,2200,2200.0
847,838,5133,3097,100047,200087,3600,3800.0
848,658,5341,3074,100014,200019,600,500.0
849,115,5392,3046,100055,200040,3500,3800.0
850,582,5446,3088,100030,200081,46000,50000.0
851,318,5608,3096,100091,200051,1900,2100.0
852,840,5632,3072,100098,200050,5600,5800.0
853,348,5688,3086,100047,200093,28000,31000.0
854,319,5852,3086,100004,200023,28000,31000.0
855,508,5019,3055,100017,200095,26000,30000.0
856,136,5094,3096,100005,200084,1900,2100.0
857,392,5258,3098,100061,200073,2200,2200.0
858,328,5848,3054,100038,200087,400,600.0
859,423,5939,3046,100046,200031,3500,3800.0
860,41,5011,3002,100055,200044,1200,1250.0
861,812,5203,3071,100037,200003,9000,10000.0
862,855,5108,3035,100038,200074,6500,7000.0
863,170,5272,3022,100093,200090,32000,34000.0
864,289,5518,3036,100030,200084,2100,2300.0
865,976,5616,3052,100000,200024,5000,4800.0
866,104,5835,3035,100067,200099,6500,7000.0
867,570,5186,3096,100011,200087,1900,2100.0
868,391,5216,3041,100033,200013,43000,42500.0
869,697,5269,3093,100009,200021,47000,52000.0
870,710,5397,3087,100062,200028,16000,16000.0
871,766,5410,3039,100006,200041,600,650.0
872,942,5425,3094,100005,200072,560,750.0
873,704,5454,3017,100091,200066,4500,4500.0
874,940,5557,3071,100062,200046,9000,10000.0
875,19,5621,3026,100055,200039,38000,41000.0
876,972,5768,3060,100093,200002,4200,4400.0
877,530,5951,3006,100021,200054,13000,13000.0
878,665,5475,3030,100055,200017,16000,18000.0
879,294,5938,3066,100087,200094,900,1100.0
880,739,5017,3066,100055,200082,900,1100.0
881,520,5074,3029,100052,200091,6200,5900.0
882,193,5180,3068,100022,200073,4800,5050.0
883,433,5506,3024,100012,200021,6000,6200.0
884,621,5088,3068,100066,200056,4800,5050.0
885,229,5747,3029,100038,200042,6200,5900.0
886,125,5753,3005,100081,200081,35000,36000.0
887,436,5873,3021,100058,200044,1400,1460.0
888,589,5909,3032,100045,200025,39000,40000.0
889,872,5396,3014,100076,200058,1200,1250.0
890,715,5444,3002,100016,200016,1200,1250.0
891,412,5638,3091,100040,200034,35000,38000.0
892,588,5818,3028,100097,200010,700,650.0
893,538,5906,3081,100068,200079,800,650.0
894,99,5972,3005,100016,200087,35000,36000.0
895,944,5766,3000,100048,200025,9589,8500.0
896,47,5955,3022,100085,200089,32000,34000.0
897,979,5021,3003,100072,200090,6500,6750.0
898,404,5095,3060,100082,200041,4200,4400.0
899,419,5103,3002,100067,200087,1200,1250.0
900,534,5453,3091,100004,200055,35000,38000.0
901,663,5593,3058,100078,200091,1200,1100.0
902,631,5733,3007,100052,200054,40100,40500.0
903,857,5744,3092,100000,200027,1900,2200.0
904,608,5841,3014,100050,200008,1200,1250.0
905,408,5878,3057,100001,200039,28000,30000.0
906,877,5979,3070,100023,200033,600,750.0
907,424,5060,3007,100017,200029,40100,40500.0
908,246,5162,3004,100074,200033,26000,26000.0
909,366,5372,3045,100025,200098,3500,3200.0
910,85,5440,3067,100047,200099,1900,1750.0
911,771,5932,3002,100083,200098,1200,1250.0
912,265,5003,3089,100090,200055,600,650.0
913,578,5254,3035,100025,200022,6500,7000.0
914,73,5323,3028,100032,200040,700,650.0
915,661,5441,3045,100029,200040,3500,3200.0
916,296,5270,3015,100099,200029,1400,1400.0
917,233,5271,3086,100050,200074,28000,31000.0
918,961,5996,3023,100070,200021,22000,21500.0
919,241,5079,3058,100076,200052,1200,1100.0
920,422,5620,3084,100094,200067,660,800.0
921,968,5084,3050,100006,200006,2600,2700.0
922,34,5115,3087,100033,200054,16000,16000.0
923,909,5235,3020,100041,200010,800,900.0
924,553,5268,3006,100098,200054,13000,13000.0
925,133,5302,3041,100056,200048,43000,42500.0
926,624,5305,3095,100070,200018,1800,1950.0
927,337,5334,3044,100017,200019,3200,3600.0
928,258,5356,3007,100063,200027,40100,40500.0
929,904,5630,3081,100062,200042,800,650.0
930,585,5793,3029,100069,200095,6200,5900.0
931,858,5070,3004,100019,200000,26000,26000.0
932,804,5443,3099,100071,200021,8000,8000.0
933,583,5572,3005,100098,200022,35000,36000.0
934,996,5918,3071,100034,200031,9000,10000.0
935,644,5129,3069,100032,200018,750,650.0
936,927,5495,3089,100073,200031,600,650.0
937,453,5567,3073,100096,200025,550,650.0
938,645,5168,3037,100028,200032,300,350.0
939,892,5317,3000,100010,200000,9589,8500.0
940,12,5324,3047,100057,200091,18000,19000.0
941,551,5570,3041,100022,200039,43000,42500.0
942,921,5609,3060,100019,200027,4200,4400.0
943,774,5624,3062,100088,200045,1800,1600.0
944,349,5728,3072,100072,200051,5600,5800.0
945,612,5332,3039,100072,200064,600,650.0
946,922,5618,3097,100077,200078,3600,3800.0
947,239,5772,3028,100018,200009,700,650.0
948,17,5815,3040,100016,200097,700,650.0
949,764,5987,3060,100011,200017,4200,4400.0
950,32,5034,3022,100057,200030,32000,34000.0
951,76,5210,3018,100079,200037,48000,48000.0
952,581,5311,3070,100035,200100,600,750.0
953,981,5329,3086,100097,200004,28000,31000.0
954,970,5395,3003,100042,200061,6500,6750.0
955,666,5641,3027,100083,200020,500,650.0
956,957,5781,3045,100027,200030,3500,3200.0
957,277,5023,3087,100020,200000,16000,16000.0
958,896,5025,3076,100076,200040,2100,1900.0
959,577,5241,3089,100073,200042,600,650.0
960,681,5660,3078,100035,200056,5600,7200.0
961,648,5786,3088,100052,200054,46000,50000.0
962,95,5810,3090,100098,200082,2600,2900.0
963,141,5004,3023,100097,200025,22000,21500.0
964,768,5063,3082,100059,200073,980,1020.0
965,781,5178,3059,100087,200095,2200,2500.0
966,914,5249,3002,100018,200043,1200,1250.0
967,62,5306,3019,100046,200069,32000,32500.0
968,110,5520,3047,100058,200069,18000,19000.0
969,301,5614,3069,100078,200096,750,650.0
970,907,5954,3086,100014,200031,28000,31000.0
971,987,5040,3008,100061,200054,600,650.0
972,783,5163,3092,100022,200082,1900,2200.0
973,413,5746,3083,100098,200057,4600,4900.0
974,121,5563,3092,100040,200023,1900,2200.0
975,290,5566,3029,100061,200079,6200,5900.0
976,386,5750,3064,100074,200023,1900,2100.0
977,758,5259,3003,100049,200034,6500,6750.0
978,720,5594,3005,100009,200094,35000,36000.0
979,457,5732,3057,100044,200070,28000,30000.0
980,470,5819,3100,100015,200005,32000,35000.0
981,60,5875,3032,100057,200059,39000,40000.0
982,740,5029,3054,100007,200061,400,600.0
983,818,5048,3042,100095,200093,600,650.0
984,186,5398,3025,100023,200008,8000,8500.0
985,236,5035,3075,100068,200095,450,500.0
986,71,5144,3011,100037,200018,2500,2650.0
987,603,5304,3005,100052,200046,35000,36000.0
988,464,5351,3072,100028,200024,5600,5800.0
989,97,5385,3003,100075,200074,6500,6750.0
990,474,5406,3015,100071,200061,1400,1400.0
991,176,5983,3090,100082,200053,2600,2900.0
992,466,5483,3090,100052,200084,2600,2900.0
993,735,5735,3017,100026,200083,4500,4500.0
994,598,5765,3085,100031,200004,1900,2100.0
995,146,5962,3004,100055,200011,26000,26000.0
996,49,5018,3046,100074,200007,3500,3800.0
997,891,5077,3064,100073,200062,1900,2100.0
998,860,5205,3061,100003,200047,3500,3800.0
999,560,5519,3065,100002,200067,500,550.0
1000,937,5999,3067,100023,200088,1750,
